o,d,num,t,path
F1-DoorE-6,F3-Door-77,1,5,F1-DoorE-6;F1-Door-12;F1-Door-4;F2-Door-20;F2-Door-49;F2-Door-27;F2-Door-54;F3-Door-59;F3-Door-77
F1-DoorE-6,F3-Door-77,1,8,F1-DoorE-6;F1-Door-12;F1-Door-4;F2-Door-20;F2-Door-49;F2-Door-27;F2-Door-54;F3-Door-59;F3-Door-77
F1-DoorE-6,F3-Door-77,1,12,F1-DoorE-6;F1-Door-12;F1-Door-4;F2-Door-20;F2-Door-49;F2-Door-27;F2-Door-54;F3-Door-59;F3-Door-77
F1-DoorE-8,F3-Door-71,1,1,F3-Door-71;F1-DoorE-8
F1-DoorE-8,F3-Door-68,1,2,F3-Door-71;F1-DoorE-8
F1-DoorE-8,F3-Door-62,1,8,F3-Door-71;F1-DoorE-8
F1-DoorE-8,F3-Door-93,1,11,F3-Door-71;F1-DoorE-8
F1-DoorE-7,F3-Door-68,1,4,F1-DoorE-7
F1-DoorE-7,F3-Door-62,1,8,F1-DoorE-7
F1-DoorE-7,F3-Door-68,1,5,F1-DoorE-7
F1-DoorE-7,F3-Door-102,1,12,F1-DoorE-7
F3-Door-82,F1-DoorE-1,1,1,F3-Door-82
F3-Door-77,F1-DoorE-3,1,2,F3-Door-77
F3-Door-77,F1-DoorE-5,1,3,F3-Door-77
F3-Door-71,F1-DoorE-6,1,4,F3-Door-71
F3-Door-68,F1-DoorE-2,1,5,F3-Door-68
F3-Door-62,F1-DoorE-4,1,6,F3-Door-62
F3-Door-93,F1-DoorE-8,1,7,F3-Door-93
F3-Door-68,F1-DoorE-3,1,8,F3-Door-68
F3-Door-62,F1-DoorE-7,1,9,F3-Door-62
F3-Door-68,F1-DoorE-6,1,10,F3-Door-68
F3-Door-102,F1-DoorE-7,1,11,F3-Door-102
F3-Door-77,F1-DoorE-2,1,12,F3-Door-77
F3-Door-83,F1-DoorE-1,1,13,F3-Door-83
F3-Door-80,F1-DoorE-6,1,14,F3-Door-80
F3-Door-75,F1-DoorE-5,1,15,F3-Door-75
F3-Door-68,F1-DoorE-8,1,16,F3-Door-68
F3-Door-67,F1-DoorE-1,1,17,F3-Door-67
F3-Door-64,F1-DoorE-3,1,18,F3-Door-64
F3-Door-86,F1-DoorE-4,1,19,F3-Door-86
F3-Door-91,F1-DoorE-2,1,20,F3-Door-91
F3-Door-97,F1-DoorE-4,1,21,F3-Door-97
F3-Door-102,F1-DoorE-6,1,22,F3-Door-102
F3-Door-93,F1-DoorE-2,1,1,F3-Door-93
F3-Door-68,F1-DoorE-1,1,2,F3-Door-68
F3-Door-62,F1-DoorE-6,1,3,F3-Door-62
F3-Door-68,F1-DoorE-5,1,4,F3-Door-68
F3-Door-102,F1-DoorE-8,1,5,F3-Door-102
F3-Door-77,F1-DoorE-1,1,6,F3-Door-77
F3-Door-83,F1-DoorE-3,1,7,F3-Door-83
F3-Door-80,F1-DoorE-4,1,8,F3-Door-80
F3-Door-75,F1-DoorE-5,1,9,F3-Door-75
F3-Door-68,F1-DoorE-6,1,10,F3-Door-68
F3-Door-67,F1-DoorE-2,1,11,F3-Door-67
F3-Door-64,F1-DoorE-4,1,12,F3-Door-64
F3-Door-86,F1-DoorE-8,1,13,F3-Door-86
F3-Door-91,F1-DoorE-3,1,14,F3-Door-91
F3-Door-97,F1-DoorE-6,1,15,F3-Door-97
F3-Door-102,F1-DoorE-5,1,16,F3-Door-102
F3-Door-82,F1-DoorE-8,1,17,F3-Door-82
F3-Door-77,F1-DoorE-1,1,18,F3-Door-77
F3-Door-77,F1-DoorE-3,1,19,F3-Door-77
F3-Door-71,F1-DoorE-4,1,20,F3-Door-71
F3-Door-68,F1-DoorE-5,1,21,F3-Door-68
F3-Door-62,F1-DoorE-8,1,22,F3-Door-62
F1-DoorE-3,F3-Door-68,1,1,F1-DoorE-3
F1-DoorE-2,F3-Door-67,1,2,F1-DoorE-2
F1-DoorE-1,F3-Door-64,1,3,F1-DoorE-1
F1-DoorE-6,F3-Door-86,1,4,F1-DoorE-6
F1-DoorE-5,F3-Door-91,1,5,F1-DoorE-5
F1-DoorE-8,F3-Door-97,1,6,F1-DoorE-8
F1-DoorE-1,F3-Door-102,1,7,F1-DoorE-1
F1-DoorE-3,F3-Door-93,1,8,F1-DoorE-3
F1-DoorE-4,F3-Door-68,1,9,F1-DoorE-4
F1-DoorE-5,F3-Door-62,1,10,F1-DoorE-5
F1-DoorE-6,F3-Door-68,1,11,F1-DoorE-6
F1-DoorE-2,F3-Door-102,1,12,F1-DoorE-2
F1-DoorE-6,F3-Door-77,1,13,F1-DoorE-6
F1-DoorE-5,F3-Door-83,1,14,F1-DoorE-5
F1-DoorE-8,F3-Door-80,1,15,F1-DoorE-8
F1-DoorE-1,F3-Door-75,1,16,F1-DoorE-1
F1-DoorE-3,F3-Door-68,1,17,F1-DoorE-3
F1-DoorE-4,F3-Door-67,1,18,F1-DoorE-4
F1-DoorE-5,F3-Door-64,1,19,F1-DoorE-5
F1-DoorE-6,F3-Door-86,1,20,F1-DoorE-6
F1-DoorE-2,F3-Door-91,1,21,F1-DoorE-2
F1-DoorE-4,F3-Door-62,1,22,F1-DoorE-4
F1-DoorE-6,F3-Door-68,1,9,F1-DoorE-6
F1-DoorE-5,F3-Door-102,1,10,F1-DoorE-5
F1-DoorE-8,F3-Door-77,1,11,F1-DoorE-8
F1-DoorE-1,F3-Door-83,1,12,F1-DoorE-1
F1-DoorE-3,F3-Door-80,1,13,F1-DoorE-3
F1-DoorE-4,F3-Door-62,1,14,F1-DoorE-4
F1-DoorE-5,F3-Door-68,1,12,F1-DoorE-5
